LOGIN;45
LOGIN;56
LOGIN;174
LOGOUT;201
LOGOUT;284
LOGIN;384
LOGIN;427
LOGIN;465
LOGIN;529
LOGOUT;623
LOGIN;660
LOGOUT;718
LOGIN;809
LOGIN;859
LOGIN;915
LOGOUT;1026
LOGOUT;1135
LOGOUT;1139
LOGIN;1194
LOGOUT;1304
LOGOUT;1331
LOGIN;1352
LOGIN;1463
LOGIN;1479
LOGIN;1570
LOGOUT;1675
LOGIN;1735
LOGOUT;1759
LOGOUT;1811
LOGOUT;1854
LOGOUT;1902
LOGOUT;1928
LOGIN;1961
LOGOUT;1983
LOGIN;2049
LOGIN;2144
LOGOUT;2263
LOGOUT;2306
LOGIN;2375
LOGIN;2387
LOGOUT;2493
LOGOUT;2494
LOGIN;2581
LOGIN;2659
LOGIN;2725
LOGIN;2766
LOGOUT;2826
LOGIN;2887
LOGOUT;2987
LOGOUT;2993
LOGOUT;3069
LOGOUT;3169
LOGIN;3215
LOGIN;3280
LOGOUT;3317
LOGIN;3367
LOGIN;3481
LOGIN;3487
LOGOUT;3509
LOGIN;3516
LOGOUT;3612
LOGIN;3653
LOGIN;3665
LOGOUT;3705
LOGIN;3758
LOGOUT;3818
LOGIN;3936
LOGIN;3993
LOGOUT;3997
LOGIN;4096
LOGIN;4129
LOGOUT;4194
LOGOUT;4303
LOGOUT;4358
LOGOUT;4419
LOGOUT;4511
LOGOUT;4535
LOGOUT;4580
LOGIN;4694
LOGIN;4780
LOGIN;4838
LOGIN;4943
LOGIN;5062
LOGOUT;5149
LOGOUT;5223
LOGIN;5235
LOGOUT;5318
LOGIN;5355
LOGIN;5414
LOGOUT;5416
LOGOUT;5511
LOGOUT;5612
LOGOUT;5689
LOGOUT;5712
LOGIN;5791
LOGOUT;5814
LOGOUT;5895
LOGIN;5905
LOGIN;5973
LOGIN;6078
LOGOUT;6191
LOGOUT;6295
LOGOUT;6373
LOGOUT;6477
